--
-- PostgreSQL database dump
--

-- Dumped from database version 12.2 (Debian 12.2-2.pgdg100+1)
-- Dumped by pg_dump version 12.2 (Debian 12.2-2.pgdg100+1)

SET statement_timeout = 0;
SET lock_timeout = 0;
SET idle_in_transaction_session_timeout = 0;
SET client_encoding = 'UTF8';
SET standard_conforming_strings = on;
SELECT pg_catalog.set_config('search_path', '', false);
SET check_function_bodies = false;
SET xmloption = content;
SET client_min_messages = warning;
SET row_security = off;

SET default_tablespace = '';

SET default_table_access_method = heap;

--
-- Name: SequelizeMeta; Type: TABLE; Schema: public; Owner: postgres
--

CREATE TABLE public."SequelizeMeta" (
    name character varying(255) NOT NULL
);


ALTER TABLE public."SequelizeMeta" OWNER TO postgres;

--
-- Name: categoria; Type: TABLE; Schema: public; Owner: postgres
--

CREATE TABLE public.categoria (
    id integer NOT NULL,
    nome character varying(255) NOT NULL,
    created_at timestamp with time zone NOT NULL,
    updated_at timestamp with time zone NOT NULL
);


ALTER TABLE public.categoria OWNER TO postgres;

--
-- Name: categoria_id_seq; Type: SEQUENCE; Schema: public; Owner: postgres
--

CREATE SEQUENCE public.categoria_id_seq
    AS integer
    START WITH 1
    INCREMENT BY 1
    NO MINVALUE
    NO MAXVALUE
    CACHE 1;


ALTER TABLE public.categoria_id_seq OWNER TO postgres;

--
-- Name: categoria_id_seq; Type: SEQUENCE OWNED BY; Schema: public; Owner: postgres
--

ALTER SEQUENCE public.categoria_id_seq OWNED BY public.categoria.id;


--
-- Name: exercicios; Type: TABLE; Schema: public; Owner: postgres
--

CREATE TABLE public.exercicios (
    id integer NOT NULL,
    questao integer NOT NULL,
    subquestao integer NOT NULL,
    resposta integer,
    categoria_id integer NOT NULL,
    modulo_id integer NOT NULL,
    tipo_id integer,
    admin_id integer NOT NULL,
    created_at timestamp with time zone NOT NULL,
    updated_at timestamp with time zone NOT NULL,
    descricao character varying(255)
);


ALTER TABLE public.exercicios OWNER TO postgres;

--
-- Name: exercicios_id_seq; Type: SEQUENCE; Schema: public; Owner: postgres
--

CREATE SEQUENCE public.exercicios_id_seq
    AS integer
    START WITH 1
    INCREMENT BY 1
    NO MINVALUE
    NO MAXVALUE
    CACHE 1;


ALTER TABLE public.exercicios_id_seq OWNER TO postgres;

--
-- Name: exercicios_id_seq; Type: SEQUENCE OWNED BY; Schema: public; Owner: postgres
--

ALTER SEQUENCE public.exercicios_id_seq OWNED BY public.exercicios.id;


--
-- Name: modulos; Type: TABLE; Schema: public; Owner: postgres
--

CREATE TABLE public.modulos (
    id integer NOT NULL,
    nome character varying(255) NOT NULL,
    created_at timestamp with time zone NOT NULL,
    updated_at timestamp with time zone NOT NULL
);


ALTER TABLE public.modulos OWNER TO postgres;

--
-- Name: modulos_id_seq; Type: SEQUENCE; Schema: public; Owner: postgres
--

CREATE SEQUENCE public.modulos_id_seq
    AS integer
    START WITH 1
    INCREMENT BY 1
    NO MINVALUE
    NO MAXVALUE
    CACHE 1;


ALTER TABLE public.modulos_id_seq OWNER TO postgres;

--
-- Name: modulos_id_seq; Type: SEQUENCE OWNED BY; Schema: public; Owner: postgres
--

ALTER SEQUENCE public.modulos_id_seq OWNED BY public.modulos.id;


--
-- Name: provas; Type: TABLE; Schema: public; Owner: postgres
--

CREATE TABLE public.provas (
    id integer NOT NULL,
    nota double precision DEFAULT '0'::double precision,
    finalizada boolean DEFAULT false,
    usuario_id integer NOT NULL,
    created_at timestamp with time zone NOT NULL,
    updated_at timestamp with time zone NOT NULL
);


ALTER TABLE public.provas OWNER TO postgres;

--
-- Name: provas_id_seq; Type: SEQUENCE; Schema: public; Owner: postgres
--

CREATE SEQUENCE public.provas_id_seq
    AS integer
    START WITH 1
    INCREMENT BY 1
    NO MINVALUE
    NO MAXVALUE
    CACHE 1;


ALTER TABLE public.provas_id_seq OWNER TO postgres;

--
-- Name: provas_id_seq; Type: SEQUENCE OWNED BY; Schema: public; Owner: postgres
--

ALTER SEQUENCE public.provas_id_seq OWNED BY public.provas.id;


--
-- Name: resposta; Type: TABLE; Schema: public; Owner: postgres
--

CREATE TABLE public.resposta (
    id integer NOT NULL,
    resposta integer NOT NULL,
    prova_id integer NOT NULL,
    exercicio_id integer NOT NULL,
    created_at timestamp with time zone NOT NULL,
    updated_at timestamp with time zone NOT NULL
);


ALTER TABLE public.resposta OWNER TO postgres;

--
-- Name: resposta_id_seq; Type: SEQUENCE; Schema: public; Owner: postgres
--

CREATE SEQUENCE public.resposta_id_seq
    AS integer
    START WITH 1
    INCREMENT BY 1
    NO MINVALUE
    NO MAXVALUE
    CACHE 1;


ALTER TABLE public.resposta_id_seq OWNER TO postgres;

--
-- Name: resposta_id_seq; Type: SEQUENCE OWNED BY; Schema: public; Owner: postgres
--

ALTER SEQUENCE public.resposta_id_seq OWNED BY public.resposta.id;


--
-- Name: tipos; Type: TABLE; Schema: public; Owner: postgres
--

CREATE TABLE public.tipos (
    id integer NOT NULL,
    nome character varying(255) NOT NULL,
    created_at timestamp with time zone NOT NULL,
    updated_at timestamp with time zone NOT NULL
);


ALTER TABLE public.tipos OWNER TO postgres;

--
-- Name: tipos_id_seq; Type: SEQUENCE; Schema: public; Owner: postgres
--

CREATE SEQUENCE public.tipos_id_seq
    AS integer
    START WITH 1
    INCREMENT BY 1
    NO MINVALUE
    NO MAXVALUE
    CACHE 1;


ALTER TABLE public.tipos_id_seq OWNER TO postgres;

--
-- Name: tipos_id_seq; Type: SEQUENCE OWNED BY; Schema: public; Owner: postgres
--

ALTER SEQUENCE public.tipos_id_seq OWNED BY public.tipos.id;


--
-- Name: usuarios; Type: TABLE; Schema: public; Owner: postgres
--

CREATE TABLE public.usuarios (
    id integer NOT NULL,
    nome character varying(255) NOT NULL,
    email character varying(255) NOT NULL,
    cpf character varying(255) NOT NULL,
    password_hash character varying(255),
    admin boolean DEFAULT false NOT NULL,
    created_at timestamp with time zone NOT NULL,
    updated_at timestamp with time zone NOT NULL
);


ALTER TABLE public.usuarios OWNER TO postgres;

--
-- Name: usuarios_id_seq; Type: SEQUENCE; Schema: public; Owner: postgres
--

CREATE SEQUENCE public.usuarios_id_seq
    AS integer
    START WITH 1
    INCREMENT BY 1
    NO MINVALUE
    NO MAXVALUE
    CACHE 1;


ALTER TABLE public.usuarios_id_seq OWNER TO postgres;

--
-- Name: usuarios_id_seq; Type: SEQUENCE OWNED BY; Schema: public; Owner: postgres
--

ALTER SEQUENCE public.usuarios_id_seq OWNED BY public.usuarios.id;


--
-- Name: categoria id; Type: DEFAULT; Schema: public; Owner: postgres
--

ALTER TABLE ONLY public.categoria ALTER COLUMN id SET DEFAULT nextval('public.categoria_id_seq'::regclass);


--
-- Name: exercicios id; Type: DEFAULT; Schema: public; Owner: postgres
--

ALTER TABLE ONLY public.exercicios ALTER COLUMN id SET DEFAULT nextval('public.exercicios_id_seq'::regclass);


--
-- Name: modulos id; Type: DEFAULT; Schema: public; Owner: postgres
--

ALTER TABLE ONLY public.modulos ALTER COLUMN id SET DEFAULT nextval('public.modulos_id_seq'::regclass);


--
-- Name: provas id; Type: DEFAULT; Schema: public; Owner: postgres
--

ALTER TABLE ONLY public.provas ALTER COLUMN id SET DEFAULT nextval('public.provas_id_seq'::regclass);


--
-- Name: resposta id; Type: DEFAULT; Schema: public; Owner: postgres
--

ALTER TABLE ONLY public.resposta ALTER COLUMN id SET DEFAULT nextval('public.resposta_id_seq'::regclass);


--
-- Name: tipos id; Type: DEFAULT; Schema: public; Owner: postgres
--

ALTER TABLE ONLY public.tipos ALTER COLUMN id SET DEFAULT nextval('public.tipos_id_seq'::regclass);


--
-- Name: usuarios id; Type: DEFAULT; Schema: public; Owner: postgres
--

ALTER TABLE ONLY public.usuarios ALTER COLUMN id SET DEFAULT nextval('public.usuarios_id_seq'::regclass);


--
-- Data for Name: SequelizeMeta; Type: TABLE DATA; Schema: public; Owner: postgres
--

COPY public."SequelizeMeta" (name) FROM stdin;
20200329073206-create-usuarios.js
20200331170948-create-categorias.js
20200331170957-create-modulos.js
20200331171005-create-tipos.js
20200331173619-create-exercicios.js
20200403005533-create-provas.js
20200504140817-add-field-descricao-exercicios.js
20200402155050-create-resposta.js
\.


--
-- Data for Name: categoria; Type: TABLE DATA; Schema: public; Owner: postgres
--

COPY public.categoria (id, nome, created_at, updated_at) FROM stdin;
1	Leitura Dinâmica	2020-05-15 08:07:27.726+00	2020-05-15 08:07:27.726+00
2	Memorização	2020-05-15 08:07:33.428+00	2020-05-15 08:07:33.428+00
\.


--
-- Data for Name: exercicios; Type: TABLE DATA; Schema: public; Owner: postgres
--

COPY public.exercicios (id, questao, subquestao, resposta, categoria_id, modulo_id, tipo_id, admin_id, created_at, updated_at, descricao) FROM stdin;
1	1	1	0	1	1	1	1	2020-05-15 08:13:22.315+00	2020-05-15 08:13:22.315+00	\N
2	2	1	0	1	1	1	1	2020-05-15 08:15:13.135+00	2020-05-15 08:15:13.135+00	\N
3	3	1	1	1	1	1	1	2020-05-15 08:18:15.36+00	2020-05-15 08:18:15.36+00	\N
4	3	2	1	1	1	1	1	2020-05-15 08:18:42.185+00	2020-05-15 08:18:42.185+00	\N
5	3	3	0	1	1	1	1	2020-05-15 08:19:10.003+00	2020-05-15 08:19:10.003+00	\N
6	3	4	1	1	1	1	1	2020-05-15 08:19:18.841+00	2020-05-15 08:19:18.841+00	\N
7	3	5	0	1	1	1	1	2020-05-15 08:19:26.584+00	2020-05-15 08:19:26.584+00	\N
8	3	6	0	1	1	1	1	2020-05-15 08:19:37.683+00	2020-05-15 08:19:37.683+00	\N
9	3	7	1	1	1	1	1	2020-05-15 08:19:44.222+00	2020-05-15 08:19:44.222+00	\N
10	3	8	0	1	1	1	1	2020-05-15 08:19:53.481+00	2020-05-15 08:19:53.481+00	\N
11	3	9	1	1	1	1	1	2020-05-15 08:20:01.623+00	2020-05-15 08:20:01.623+00	\N
12	3	10	1	1	1	1	1	2020-05-15 08:20:10.094+00	2020-05-15 08:20:10.094+00	\N
13	3	11	1	1	1	1	1	2020-05-15 08:20:17.119+00	2020-05-15 08:20:17.119+00	\N
14	3	12	0	1	1	1	1	2020-05-15 08:20:24.606+00	2020-05-15 08:20:24.606+00	\N
15	3	13	1	1	1	1	1	2020-05-15 08:20:30.549+00	2020-05-15 08:20:30.549+00	\N
16	3	14	0	1	1	1	1	2020-05-15 08:20:37.449+00	2020-05-15 08:20:37.449+00	\N
17	3	15	1	1	1	1	1	2020-05-15 08:21:55.831+00	2020-05-15 08:21:55.831+00	\N
18	3	16	1	1	1	1	1	2020-05-15 08:22:00.75+00	2020-05-15 08:22:00.75+00	\N
19	3	17	4	1	1	1	1	2020-05-15 08:22:26.933+00	2020-05-15 08:22:26.933+00	\N
20	3	18	3	1	1	1	1	2020-05-15 08:22:42.346+00	2020-05-15 08:22:42.346+00	\N
21	3	19	1	1	1	1	1	2020-05-15 08:23:01.101+00	2020-05-15 08:23:01.101+00	\N
22	3	20	4	1	1	1	1	2020-05-15 08:23:35.78+00	2020-05-15 08:23:35.78+00	\N
23	3	21	2	1	1	1	1	2020-05-15 08:24:36.637+00	2020-05-15 08:24:36.637+00	\N
24	3	22	3	1	1	1	1	2020-05-15 08:24:49.881+00	2020-05-15 08:24:49.881+00	\N
25	3	23	4	1	1	1	1	2020-05-15 08:25:02.861+00	2020-05-15 08:25:02.861+00	\N
26	3	24	2	1	1	1	1	2020-05-15 08:25:15.161+00	2020-05-15 08:25:15.161+00	\N
27	3	25	3	1	1	1	1	2020-05-15 08:25:28.987+00	2020-05-15 08:25:28.987+00	\N
28	3	26	4	1	1	1	1	2020-05-15 08:25:38.656+00	2020-05-15 08:25:38.656+00	\N
29	3	27	2	1	1	1	1	2020-05-15 08:25:48.804+00	2020-05-15 08:25:48.804+00	\N
30	3	28	1	1	1	1	1	2020-05-15 08:26:06.389+00	2020-05-15 08:26:06.389+00	\N
31	3	29	1	1	1	1	1	2020-05-15 08:26:11.885+00	2020-05-15 08:26:11.885+00	\N
32	3	30	3	1	1	1	1	2020-05-15 08:26:18.245+00	2020-05-15 08:26:18.245+00	\N
33	3	31	4	1	1	1	1	2020-05-15 08:26:25.273+00	2020-05-15 08:26:25.273+00	\N
34	3	32	3	1	1	1	1	2020-05-15 08:26:35.88+00	2020-05-15 08:26:35.88+00	\N
35	3	33	4	1	1	1	1	2020-05-15 08:26:42.354+00	2020-05-15 08:26:42.354+00	\N
36	3	34	2	1	1	1	1	2020-05-15 08:26:49.743+00	2020-05-15 08:26:49.743+00	\N
37	4	1	2	1	1	1	1	2020-05-15 08:28:18.745+00	2020-05-15 08:28:18.745+00	\N
38	4	2	2	1	1	1	1	2020-05-15 08:28:27.357+00	2020-05-15 08:28:27.357+00	\N
39	4	3	3	1	1	1	1	2020-05-15 08:28:35.441+00	2020-05-15 08:28:35.441+00	\N
40	4	4	1	1	1	1	1	2020-05-15 08:28:43.223+00	2020-05-15 08:28:43.223+00	\N
41	4	5	3	1	1	1	1	2020-05-15 08:28:51.691+00	2020-05-15 08:28:51.691+00	\N
42	4	6	1	1	1	1	1	2020-05-15 08:28:58.014+00	2020-05-15 08:28:58.014+00	\N
43	4	7	2	1	1	1	1	2020-05-15 08:29:05.145+00	2020-05-15 08:29:05.145+00	\N
44	4	8	1	1	1	1	1	2020-05-15 08:29:13.96+00	2020-05-15 08:29:13.96+00	\N
45	4	9	3	1	1	1	1	2020-05-15 08:29:24.14+00	2020-05-15 08:29:24.14+00	\N
46	4	10	2	1	1	1	1	2020-05-15 08:29:30.065+00	2020-05-15 08:29:30.065+00	\N
47	4	11	1	1	1	1	1	2020-05-15 08:29:40.184+00	2020-05-15 08:29:40.184+00	\N
48	4	12	2	1	1	1	1	2020-05-15 08:29:47.827+00	2020-05-15 08:29:47.827+00	\N
49	4	13	2	1	1	1	1	2020-05-15 08:29:52.359+00	2020-05-15 08:29:52.359+00	\N
50	4	14	3	1	1	1	1	2020-05-15 08:29:57.716+00	2020-05-15 08:29:57.716+00	\N
51	4	15	1	1	1	1	1	2020-05-15 08:30:03.3+00	2020-05-15 08:30:03.3+00	\N
52	4	16	4	1	1	1	1	2020-05-15 08:30:09.644+00	2020-05-15 08:30:09.644+00	\N
53	4	17	2	1	1	1	1	2020-05-15 08:30:15.331+00	2020-05-15 08:30:15.331+00	\N
54	4	18	1	1	1	1	1	2020-05-15 08:30:21.738+00	2020-05-15 08:30:21.738+00	\N
55	4	19	3	1	1	1	1	2020-05-15 08:30:26.484+00	2020-05-15 08:30:26.484+00	\N
56	4	20	1	1	1	1	1	2020-05-15 08:30:33.735+00	2020-05-15 08:30:33.735+00	\N
57	4	21	3	1	1	1	1	2020-05-15 08:30:44.512+00	2020-05-15 08:30:44.512+00	\N
58	4	22	2	1	1	1	1	2020-05-15 08:30:50.249+00	2020-05-15 08:30:50.249+00	\N
59	4	23	3	1	1	1	1	2020-05-15 08:30:57.225+00	2020-05-15 08:30:57.225+00	\N
60	5	1	1	1	1	1	1	2020-05-15 08:31:35.953+00	2020-05-15 08:31:35.953+00	\N
61	5	2	1	1	1	1	1	2020-05-15 08:31:52.051+00	2020-05-15 08:31:52.051+00	\N
62	5	3	0	1	1	1	1	2020-05-15 08:31:57.091+00	2020-05-15 08:31:57.091+00	\N
63	5	4	1	1	1	1	1	2020-05-15 08:32:02.181+00	2020-05-15 08:32:02.181+00	\N
64	5	5	0	1	1	1	1	2020-05-15 08:32:07.698+00	2020-05-15 08:32:07.698+00	\N
65	5	6	0	1	1	1	1	2020-05-15 08:32:14.542+00	2020-05-15 08:32:14.542+00	\N
66	5	7	1	1	1	1	1	2020-05-15 08:32:32.436+00	2020-05-15 08:32:32.436+00	\N
67	5	8	1	1	1	1	1	2020-05-15 08:32:39.175+00	2020-05-15 08:32:39.175+00	\N
68	5	9	1	1	1	1	1	2020-05-15 08:32:43.164+00	2020-05-15 08:32:43.164+00	\N
69	5	10	0	1	1	1	1	2020-05-15 08:32:48.276+00	2020-05-15 08:32:48.276+00	\N
70	5	11	1	1	1	1	1	2020-05-15 08:32:55.196+00	2020-05-15 08:32:55.196+00	\N
71	5	12	0	1	1	1	1	2020-05-15 08:33:16.384+00	2020-05-15 08:33:16.384+00	\N
72	5	13	4	1	1	1	1	2020-05-15 08:33:37.887+00	2020-05-15 08:33:37.887+00	\N
73	5	14	1	1	1	1	1	2020-05-15 08:33:50.303+00	2020-05-15 08:33:50.303+00	\N
74	5	15	1	1	1	1	1	2020-05-15 08:33:59+00	2020-05-15 08:33:59+00	\N
75	5	16	2	1	1	1	1	2020-05-15 08:34:07.11+00	2020-05-15 08:34:07.11+00	\N
76	5	17	3	1	1	1	1	2020-05-15 08:34:17.062+00	2020-05-15 08:34:17.062+00	\N
77	5	18	1	1	1	1	1	2020-05-15 08:34:27.344+00	2020-05-15 08:34:27.344+00	\N
78	5	19	3	1	1	1	1	2020-05-15 08:34:34.289+00	2020-05-15 08:34:34.289+00	\N
79	5	20	4	1	1	1	1	2020-05-15 08:34:43.078+00	2020-05-15 08:34:43.078+00	\N
80	5	21	1	1	1	1	1	2020-05-15 08:34:51.186+00	2020-05-15 08:34:51.186+00	\N
81	5	22	2	1	1	1	1	2020-05-15 08:34:59.061+00	2020-05-15 08:34:59.061+00	\N
82	5	23	2	1	1	1	1	2020-05-15 08:37:16.45+00	2020-05-15 08:37:16.45+00	\N
83	5	24	3	1	1	1	1	2020-05-15 08:37:25.128+00	2020-05-15 08:37:25.128+00	\N
84	5	25	2	1	1	1	1	2020-05-15 08:38:01.899+00	2020-05-15 08:38:01.899+00	\N
85	5	26	1	1	1	1	1	2020-05-15 08:38:11.898+00	2020-05-15 08:38:11.898+00	\N
86	5	27	2	1	1	1	1	2020-05-15 08:38:20.137+00	2020-05-15 08:38:20.137+00	\N
87	5	28	3	1	1	1	1	2020-05-15 08:38:27.239+00	2020-05-15 08:38:27.239+00	\N
88	5	29	2	1	1	1	1	2020-05-15 08:38:33.29+00	2020-05-15 08:38:33.29+00	\N
89	5	30	1	1	1	1	1	2020-05-15 08:38:39.246+00	2020-05-15 08:38:39.246+00	\N
90	5	31	3	1	1	1	1	2020-05-15 08:38:50.669+00	2020-05-15 08:38:50.669+00	\N
91	6	1	1	1	1	1	1	2020-05-15 08:39:30.577+00	2020-05-15 08:39:30.577+00	\N
92	6	2	1	1	1	1	1	2020-05-15 08:39:45.201+00	2020-05-15 08:39:45.201+00	\N
93	6	3	0	1	1	1	1	2020-05-15 08:39:50.632+00	2020-05-15 08:39:50.632+00	\N
94	6	4	1	1	1	1	1	2020-05-15 08:39:55.668+00	2020-05-15 08:39:55.668+00	\N
95	6	5	0	1	1	1	1	2020-05-15 08:40:02.06+00	2020-05-15 08:40:02.06+00	\N
96	6	6	0	1	1	1	1	2020-05-15 08:40:09.16+00	2020-05-15 08:40:09.16+00	\N
97	6	7	1	1	1	1	1	2020-05-15 08:40:15.289+00	2020-05-15 08:40:15.289+00	\N
98	6	8	1	1	1	1	1	2020-05-15 08:40:25.103+00	2020-05-15 08:40:25.103+00	\N
100	6	10	1	1	1	1	1	2020-05-15 08:40:32.953+00	2020-05-15 08:40:32.953+00	\N
101	6	11	1	1	1	1	1	2020-05-15 08:40:36.201+00	2020-05-15 08:40:36.201+00	\N
102	6	12	0	1	1	1	1	2020-05-15 08:40:46.404+00	2020-05-15 08:40:46.404+00	\N
103	6	13	1	1	1	1	1	2020-05-15 08:40:52.492+00	2020-05-15 08:40:52.492+00	\N
105	6	15	0	1	1	1	1	2020-05-15 08:41:06.818+00	2020-05-15 08:41:06.818+00	\N
107	6	17	0	1	1	1	1	2020-05-15 08:41:14.342+00	2020-05-15 08:41:14.342+00	\N
108	6	18	0	1	1	1	1	2020-05-15 08:41:18.333+00	2020-05-15 08:41:18.333+00	\N
112	6	22	2	1	1	1	1	2020-05-15 08:42:21.392+00	2020-05-15 08:42:21.392+00	\N
99	6	9	1	1	1	1	1	2020-05-15 08:40:29.01+00	2020-05-15 08:40:29.01+00	\N
104	6	14	0	1	1	1	1	2020-05-15 08:40:58.725+00	2020-05-15 08:40:58.725+00	\N
106	6	16	0	1	1	1	1	2020-05-15 08:41:10.581+00	2020-05-15 08:41:10.581+00	\N
109	6	19	1	1	1	1	1	2020-05-15 08:41:23.823+00	2020-05-15 08:41:23.823+00	\N
110	6	20	2	1	1	1	1	2020-05-15 08:41:52.719+00	2020-05-15 08:41:52.719+00	\N
111	6	21	1	1	1	1	1	2020-05-15 08:42:11.318+00	2020-05-15 08:42:11.318+00	\N
113	6	23	1	1	1	1	1	2020-05-15 08:42:36.126+00	2020-05-15 08:42:36.126+00	\N
114	6	24	1	1	1	1	1	2020-05-15 08:42:58.095+00	2020-05-15 08:42:58.095+00	\N
115	6	25	4	1	1	1	1	2020-05-15 08:43:04.783+00	2020-05-15 08:43:04.783+00	\N
116	6	26	3	1	1	1	1	2020-05-15 08:43:16.278+00	2020-05-15 08:43:16.278+00	\N
117	6	27	4	1	1	1	1	2020-05-15 08:43:23.833+00	2020-05-15 08:43:23.833+00	\N
118	6	28	1	1	1	1	1	2020-05-15 08:43:29.861+00	2020-05-15 08:43:29.861+00	\N
119	6	29	1	1	1	1	1	2020-05-15 08:44:21.016+00	2020-05-15 08:44:21.016+00	\N
120	7	1	1	1	1	1	1	2020-05-15 08:45:10.97+00	2020-05-15 08:45:10.97+00	\N
121	7	2	1	1	1	1	1	2020-05-15 08:45:19.305+00	2020-05-15 08:45:19.305+00	\N
122	7	3	0	1	1	1	1	2020-05-15 08:45:27.583+00	2020-05-15 08:45:27.583+00	\N
123	7	4	1	1	1	1	1	2020-05-15 08:45:33.4+00	2020-05-15 08:45:33.4+00	\N
124	7	5	1	1	1	1	1	2020-05-15 08:45:38.555+00	2020-05-15 08:45:38.555+00	\N
125	7	6	0	1	1	1	1	2020-05-15 08:45:43.784+00	2020-05-15 08:45:43.784+00	\N
126	7	7	1	1	1	1	1	2020-05-15 08:45:49.641+00	2020-05-15 08:45:49.641+00	\N
127	7	8	1	1	1	1	1	2020-05-15 08:45:54.567+00	2020-05-15 08:45:54.567+00	\N
128	7	9	1	1	1	1	1	2020-05-15 08:45:59.319+00	2020-05-15 08:45:59.319+00	\N
129	7	10	1	1	1	1	1	2020-05-15 08:46:03.286+00	2020-05-15 08:46:03.286+00	\N
130	7	11	0	1	1	1	1	2020-05-15 08:46:08.602+00	2020-05-15 08:46:08.602+00	\N
131	7	12	0	1	1	1	1	2020-05-15 08:46:14.208+00	2020-05-15 08:46:14.208+00	\N
132	7	13	0	1	1	1	1	2020-05-15 08:46:18.056+00	2020-05-15 08:46:18.056+00	\N
133	7	14	0	1	1	1	1	2020-05-15 08:46:21.839+00	2020-05-15 08:46:21.839+00	\N
134	7	15	1	1	1	1	1	2020-05-15 08:46:27.323+00	2020-05-15 08:46:27.323+00	\N
135	7	16	1	1	1	1	1	2020-05-15 08:46:41.794+00	2020-05-15 08:46:41.794+00	\N
136	7	17	2	1	1	1	1	2020-05-15 08:47:16.49+00	2020-05-15 08:47:16.49+00	\N
137	7	18	5	1	1	1	1	2020-05-15 08:47:33.734+00	2020-05-15 08:47:33.734+00	\N
138	7	19	3	1	1	1	1	2020-05-15 08:47:39.409+00	2020-05-15 08:47:39.409+00	\N
139	7	20	5	1	1	1	1	2020-05-15 08:47:48.77+00	2020-05-15 08:47:48.77+00	\N
140	7	21	6	1	1	1	1	2020-05-15 08:47:56.207+00	2020-05-15 08:47:56.207+00	\N
141	7	22	4	1	1	1	1	2020-05-15 08:48:03.688+00	2020-05-15 08:48:03.688+00	\N
142	7	23	5	1	1	1	1	2020-05-15 08:48:09.719+00	2020-05-15 08:48:09.719+00	\N
143	7	24	3	1	1	1	1	2020-05-15 08:48:18.236+00	2020-05-15 08:48:18.236+00	\N
144	7	25	6	1	1	1	1	2020-05-15 08:48:26.548+00	2020-05-15 08:48:26.548+00	\N
145	7	26	5	1	1	1	1	2020-05-15 08:48:33.485+00	2020-05-15 08:48:33.485+00	\N
146	7	27	3	1	1	1	1	2020-05-15 08:48:40.172+00	2020-05-15 08:48:40.172+00	\N
147	7	28	4	1	1	1	1	2020-05-15 08:48:46.901+00	2020-05-15 08:48:46.901+00	\N
148	7	29	1	1	1	1	1	2020-05-15 08:48:56.131+00	2020-05-15 08:48:56.131+00	\N
149	7	30	2	1	1	1	1	2020-05-15 08:49:03.405+00	2020-05-15 08:49:03.405+00	\N
150	7	31	5	1	1	1	1	2020-05-15 08:49:09.144+00	2020-05-15 08:49:09.144+00	\N
151	8	1	1	1	1	1	1	2020-05-15 08:50:00.452+00	2020-05-15 08:50:00.452+00	\N
152	8	2	1	1	1	1	1	2020-05-15 08:51:10.668+00	2020-05-15 08:51:10.668+00	\N
153	8	3	1	1	1	1	1	2020-05-15 08:51:15.216+00	2020-05-15 08:51:15.216+00	\N
154	8	4	0	1	1	1	1	2020-05-15 08:51:20.074+00	2020-05-15 08:51:20.074+00	\N
155	8	5	1	1	1	1	1	2020-05-15 08:51:26.01+00	2020-05-15 08:51:26.01+00	\N
156	8	6	0	1	1	1	1	2020-05-15 08:51:31.167+00	2020-05-15 08:51:31.167+00	\N
157	8	7	0	1	1	1	1	2020-05-15 08:51:38.823+00	2020-05-15 08:51:38.823+00	\N
158	8	8	1	1	1	1	1	2020-05-15 08:51:44.406+00	2020-05-15 08:51:44.406+00	\N
159	8	9	2	1	1	1	1	2020-05-15 08:52:47.795+00	2020-05-15 08:52:47.795+00	\N
160	8	10	3	1	1	1	1	2020-05-15 08:53:04.47+00	2020-05-15 08:53:04.47+00	\N
161	8	11	1	1	1	1	1	2020-05-15 08:53:10.017+00	2020-05-15 08:53:10.017+00	\N
162	8	12	2	1	1	1	1	2020-05-15 08:53:19.191+00	2020-05-15 08:53:19.191+00	\N
163	8	13	3	1	1	1	1	2020-05-15 08:53:24.89+00	2020-05-15 08:53:24.89+00	\N
164	8	14	1	1	1	1	1	2020-05-15 08:53:52.087+00	2020-05-15 08:53:52.087+00	\N
165	8	15	0	1	1	1	1	2020-05-15 08:54:02.642+00	2020-05-15 08:54:02.642+00	\N
166	8	16	1	1	1	1	1	2020-05-15 08:54:07.855+00	2020-05-15 08:54:07.855+00	\N
167	8	17	0	1	1	1	1	2020-05-15 08:54:13.312+00	2020-05-15 08:54:13.312+00	\N
168	8	18	1	1	1	1	1	2020-05-15 08:54:18.709+00	2020-05-15 08:54:18.709+00	\N
169	8	19	1	1	1	1	1	2020-05-15 08:54:25.205+00	2020-05-15 08:54:25.205+00	\N
170	8	20	1	1	1	1	1	2020-05-15 08:54:35.162+00	2020-05-15 08:54:35.162+00	\N
171	8	21	0	1	1	1	1	2020-05-15 08:54:42.249+00	2020-05-15 08:54:42.249+00	\N
172	8	22	1	1	1	1	1	2020-05-15 08:54:48.615+00	2020-05-15 08:54:48.615+00	\N
173	8	23	1	1	1	1	1	2020-05-15 08:54:54.589+00	2020-05-15 08:54:54.589+00	\N
174	8	24	1	1	1	1	1	2020-05-15 08:55:10.427+00	2020-05-15 08:55:10.427+00	\N
175	8	25	1	1	1	1	1	2020-05-15 08:55:17.788+00	2020-05-15 08:55:17.788+00	\N
176	8	26	0	1	1	1	1	2020-05-15 08:55:24.22+00	2020-05-15 08:55:24.22+00	\N
177	8	27	1	1	1	1	1	2020-05-15 08:55:33.201+00	2020-05-15 08:55:33.201+00	\N
178	1	1	0	1	1	2	1	2020-05-15 08:58:40.731+00	2020-05-15 08:58:40.731+00	\N
179	2	1	0	1	1	2	1	2020-05-15 08:58:43.96+00	2020-05-15 08:58:43.96+00	\N
180	3	1	0	1	1	2	1	2020-05-15 08:58:45.98+00	2020-05-15 08:58:45.98+00	\N
181	4	1	0	1	1	2	1	2020-05-15 08:58:48.86+00	2020-05-15 08:58:48.86+00	\N
182	5	1	0	1	1	2	1	2020-05-15 08:58:51.888+00	2020-05-15 08:58:51.888+00	\N
183	6	1	0	1	1	2	1	2020-05-15 08:58:55.681+00	2020-05-15 08:58:55.681+00	\N
184	7	1	0	1	1	2	1	2020-05-15 08:58:59.464+00	2020-05-15 08:58:59.464+00	\N
185	8	1	0	1	1	2	1	2020-05-15 08:59:01.944+00	2020-05-15 08:59:01.944+00	\N
186	1	1	2	1	2	\N	1	2020-05-15 09:23:58.727+00	2020-05-15 09:23:58.727+00	\N
187	1	2	3	1	2	\N	1	2020-05-15 09:24:23.819+00	2020-05-15 09:24:23.819+00	\N
188	1	3	4	1	2	\N	1	2020-05-15 09:24:31.179+00	2020-05-15 09:24:31.179+00	\N
189	1	4	2	1	2	\N	1	2020-05-15 09:24:37.439+00	2020-05-15 09:24:37.439+00	\N
190	1	5	1	1	2	\N	1	2020-05-15 09:24:43.026+00	2020-05-15 09:24:43.026+00	\N
191	1	6	3	1	2	\N	1	2020-05-15 09:24:49.187+00	2020-05-15 09:24:49.187+00	\N
192	1	7	1	1	2	\N	1	2020-05-15 09:25:09.991+00	2020-05-15 09:25:09.991+00	\N
193	1	8	4	1	2	\N	1	2020-05-15 09:25:23.612+00	2020-05-15 09:25:23.612+00	\N
194	1	9	2	1	2	\N	1	2020-05-15 09:25:30.87+00	2020-05-15 09:25:30.87+00	\N
195	1	10	3	1	2	\N	1	2020-05-15 09:25:36.738+00	2020-05-15 09:25:36.738+00	\N
196	1	11	2	1	2	\N	1	2020-05-15 09:25:43.379+00	2020-05-15 09:25:43.379+00	\N
197	1	12	4	1	2	\N	1	2020-05-15 09:25:48.438+00	2020-05-15 09:25:48.438+00	\N
198	1	13	2	1	2	\N	1	2020-05-15 09:25:55.234+00	2020-05-15 09:25:55.234+00	\N
199	1	14	3	1	2	\N	1	2020-05-15 09:25:59.888+00	2020-05-15 09:25:59.888+00	\N
200	1	15	2	1	2	\N	1	2020-05-15 09:26:10.058+00	2020-05-15 09:26:10.058+00	\N
201	1	16	1	1	2	\N	1	2020-05-15 09:26:16.7+00	2020-05-15 09:26:16.7+00	\N
202	1	17	3	1	2	\N	1	2020-05-15 09:26:22.667+00	2020-05-15 09:26:22.667+00	\N
203	1	18	1	1	2	\N	1	2020-05-15 09:26:42.434+00	2020-05-15 09:26:42.434+00	\N
204	1	19	1	1	2	\N	1	2020-05-15 09:26:53.785+00	2020-05-15 09:26:53.785+00	\N
205	1	20	0	1	2	\N	1	2020-05-15 09:26:59.792+00	2020-05-15 09:26:59.792+00	\N
206	1	21	1	1	2	\N	1	2020-05-15 09:27:05.756+00	2020-05-15 09:27:05.756+00	\N
207	1	22	0	1	2	\N	1	2020-05-15 09:27:14.246+00	2020-05-15 09:27:14.246+00	\N
208	2	1	6	1	2	\N	1	2020-05-15 09:28:03.317+00	2020-05-15 09:28:03.317+00	\N
209	2	2	1	1	2	\N	1	2020-05-15 09:28:14.837+00	2020-05-15 09:28:14.837+00	\N
210	2	3	2	1	2	\N	1	2020-05-15 09:28:23.711+00	2020-05-15 09:28:23.711+00	\N
211	2	4	2	1	2	\N	1	2020-05-15 09:28:30.262+00	2020-05-15 09:28:30.262+00	\N
212	2	5	5	1	2	\N	1	2020-05-15 09:28:37.132+00	2020-05-15 09:28:37.132+00	\N
213	2	6	4	1	2	\N	1	2020-05-15 09:28:44.716+00	2020-05-15 09:28:44.716+00	\N
214	2	7	3	1	2	\N	1	2020-05-15 09:28:50.422+00	2020-05-15 09:28:50.422+00	\N
215	2	8	6	1	2	\N	1	2020-05-15 09:28:57.229+00	2020-05-15 09:28:57.229+00	\N
216	2	9	1	1	2	\N	1	2020-05-15 09:29:02.468+00	2020-05-15 09:29:02.468+00	\N
217	2	10	4	1	2	\N	1	2020-05-15 09:29:10.443+00	2020-05-15 09:29:10.443+00	\N
218	2	11	6	1	2	\N	1	2020-05-15 09:29:17.078+00	2020-05-15 09:29:17.078+00	\N
219	2	12	1	1	2	\N	1	2020-05-15 09:29:28.123+00	2020-05-15 09:29:28.123+00	\N
220	2	13	3	1	2	\N	1	2020-05-15 09:29:33.744+00	2020-05-15 09:29:33.744+00	\N
221	2	14	1	1	2	\N	1	2020-05-15 09:29:39.039+00	2020-05-15 09:29:39.039+00	\N
222	2	15	4	1	2	\N	1	2020-05-15 09:29:48.808+00	2020-05-15 09:29:48.808+00	\N
223	2	16	4	1	2	\N	1	2020-05-15 09:30:00.475+00	2020-05-15 09:30:00.475+00	\N
224	2	17	2	1	2	\N	1	2020-05-15 09:30:08.378+00	2020-05-15 09:30:08.378+00	\N
225	2	18	6	1	2	\N	1	2020-05-15 09:30:15.979+00	2020-05-15 09:30:15.979+00	\N
226	2	19	1	1	2	\N	1	2020-05-15 09:30:24.197+00	2020-05-15 09:30:24.197+00	\N
227	2	20	6	1	2	\N	1	2020-05-15 09:30:34.958+00	2020-05-15 09:30:34.958+00	\N
228	2	21	4	1	2	\N	1	2020-05-15 09:30:41.009+00	2020-05-15 09:30:41.009+00	\N
229	2	22	2	1	2	\N	1	2020-05-15 09:30:46.344+00	2020-05-15 09:30:46.344+00	\N
230	2	23	4	1	2	\N	1	2020-05-15 09:30:54.201+00	2020-05-15 09:30:54.201+00	\N
231	2	24	6	1	2	\N	1	2020-05-15 09:31:01.325+00	2020-05-15 09:31:01.325+00	\N
232	2	25	3	1	2	\N	1	2020-05-15 09:31:06.56+00	2020-05-15 09:31:06.56+00	\N
233	2	26	4	1	2	\N	1	2020-05-15 09:31:13.918+00	2020-05-15 09:31:13.918+00	\N
234	2	27	2	1	2	\N	1	2020-05-15 09:31:19.441+00	2020-05-15 09:31:19.441+00	\N
235	2	28	4	1	2	\N	1	2020-05-15 09:31:26.953+00	2020-05-15 09:31:26.953+00	\N
236	2	29	3	1	2	\N	1	2020-05-15 09:31:33.764+00	2020-05-15 09:31:33.764+00	\N
237	2	30	1	1	2	\N	1	2020-05-15 09:31:40.992+00	2020-05-15 09:31:40.992+00	\N
238	2	31	6	1	2	\N	1	2020-05-15 09:31:46.427+00	2020-05-15 09:31:46.427+00	\N
239	2	32	2	1	2	\N	1	2020-05-15 09:31:51.5+00	2020-05-15 09:31:51.5+00	\N
240	2	33	4	1	2	\N	1	2020-05-15 09:31:58.392+00	2020-05-15 09:33:20.558+00	\N
241	2	34	0	1	2	\N	1	2020-05-15 09:34:06.136+00	2020-05-15 09:34:06.136+00	\N
242	2	35	1	1	2	\N	1	2020-05-15 09:34:34.279+00	2020-05-15 09:34:34.279+00	\N
243	2	36	0	1	2	\N	1	2020-05-15 09:34:46.834+00	2020-05-15 09:34:46.834+00	\N
244	2	37	0	1	2	\N	1	2020-05-15 09:34:52.036+00	2020-05-15 09:34:52.036+00	\N
245	2	38	1	1	2	\N	1	2020-05-15 09:34:59.214+00	2020-05-15 09:34:59.214+00	\N
246	2	39	0	1	2	\N	1	2020-05-15 09:35:08.886+00	2020-05-15 09:35:08.886+00	\N
247	2	40	1	1	2	\N	1	2020-05-15 09:35:14.356+00	2020-05-15 09:35:14.356+00	\N
248	2	41	1	1	2	\N	1	2020-05-15 09:35:21.493+00	2020-05-15 09:35:21.493+00	\N
249	2	42	0	1	2	\N	1	2020-05-15 09:35:28.012+00	2020-05-15 09:35:28.012+00	\N
250	2	43	0	1	2	\N	1	2020-05-15 09:35:35.616+00	2020-05-15 09:35:35.616+00	\N
251	2	44	1	1	2	\N	1	2020-05-15 09:35:45.304+00	2020-05-15 09:35:45.304+00	\N
252	2	45	0	1	2	\N	1	2020-05-15 09:36:01.57+00	2020-05-15 09:36:01.57+00	\N
253	2	46	1	1	2	\N	1	2020-05-15 09:36:07.853+00	2020-05-15 09:36:07.853+00	\N
254	2	47	0	1	2	\N	1	2020-05-15 09:36:21.213+00	2020-05-15 09:36:21.213+00	\N
255	2	48	1	1	2	\N	1	2020-05-15 09:36:25.984+00	2020-05-15 09:36:39.024+00	\N
256	2	49	0	1	2	\N	1	2020-05-15 09:36:52.043+00	2020-05-15 09:36:52.043+00	\N
257	2	50	1	1	2	\N	1	2020-05-15 09:36:57.764+00	2020-05-15 09:36:57.764+00	\N
258	2	51	1	1	2	\N	1	2020-05-15 09:37:04.507+00	2020-05-15 09:37:04.507+00	\N
259	2	52	0	1	2	\N	1	2020-05-15 09:37:09.701+00	2020-05-15 09:37:09.701+00	\N
260	2	53	0	1	2	\N	1	2020-05-15 09:37:16.852+00	2020-05-15 09:37:16.852+00	\N
261	2	54	0	1	2	\N	1	2020-05-15 09:37:21.409+00	2020-05-15 09:37:21.409+00	\N
262	2	55	1	1	2	\N	1	2020-05-15 09:37:33.22+00	2020-05-15 09:37:33.22+00	\N
263	2	56	1	1	2	\N	1	2020-05-15 09:37:40.727+00	2020-05-15 09:37:40.727+00	\N
264	2	57	0	1	2	\N	1	2020-05-15 09:37:47.389+00	2020-05-15 09:37:47.389+00	\N
265	2	58	0	1	2	\N	1	2020-05-15 09:37:55.282+00	2020-05-15 09:37:55.282+00	\N
266	2	59	1	1	2	\N	1	2020-05-15 09:38:02.259+00	2020-05-15 09:38:02.259+00	\N
267	2	60	0	1	2	\N	1	2020-05-15 09:38:12.041+00	2020-05-15 09:38:12.041+00	\N
268	2	61	0	1	2	\N	1	2020-05-15 09:38:15.815+00	2020-05-15 09:38:15.815+00	\N
269	2	62	1	1	2	\N	1	2020-05-15 09:38:21.731+00	2020-05-15 09:38:21.731+00	\N
270	2	63	0	1	2	\N	1	2020-05-15 09:38:26.958+00	2020-05-15 09:38:26.958+00	\N
271	2	64	1	1	2	\N	1	2020-05-15 09:38:31.793+00	2020-05-15 09:38:31.793+00	\N
272	2	65	1	1	2	\N	1	2020-05-15 09:38:43.519+00	2020-05-15 09:38:43.519+00	\N
273	2	66	0	1	2	\N	1	2020-05-15 09:38:49.368+00	2020-05-15 09:38:49.368+00	\N
274	2	67	0	1	2	\N	1	2020-05-15 09:38:55.25+00	2020-05-15 09:38:55.25+00	\N
275	2	68	1	1	2	\N	1	2020-05-15 09:39:02.372+00	2020-05-15 09:39:02.372+00	\N
276	2	69	1	1	2	\N	1	2020-05-15 09:39:08.398+00	2020-05-15 09:39:08.398+00	\N
277	2	70	1	1	2	\N	1	2020-05-15 09:39:13.648+00	2020-05-15 09:39:13.648+00	\N
278	2	71	0	1	2	\N	1	2020-05-15 09:39:21.474+00	2020-05-15 09:39:21.474+00	\N
279	2	72	0	1	2	\N	1	2020-05-15 09:39:27.267+00	2020-05-15 09:39:27.267+00	\N
280	2	73	1	1	2	\N	1	2020-05-15 09:39:35.931+00	2020-05-15 09:39:35.931+00	\N
281	2	74	0	1	2	\N	1	2020-05-15 09:39:42.321+00	2020-05-15 09:39:42.321+00	\N
282	2	75	0	1	2	\N	1	2020-05-15 09:39:49.323+00	2020-05-15 09:39:49.323+00	\N
283	2	76	1	1	2	\N	1	2020-05-15 09:39:54.307+00	2020-05-15 09:39:54.307+00	\N
284	2	77	0	1	2	\N	1	2020-05-15 09:40:05.003+00	2020-05-15 09:40:05.003+00	\N
285	2	78	1	1	2	\N	1	2020-05-15 09:40:15.185+00	2020-05-15 09:40:15.185+00	\N
286	3	1	2	1	2	\N	1	2020-05-15 09:41:33.367+00	2020-05-15 09:41:33.367+00	\N
287	3	2	3	1	2	\N	1	2020-05-15 09:41:46.733+00	2020-05-15 09:41:46.733+00	\N
288	3	3	1	1	2	\N	1	2020-05-15 09:41:55.739+00	2020-05-15 09:41:55.739+00	\N
289	3	4	1	1	2	\N	1	2020-05-15 09:42:01.516+00	2020-05-15 09:42:01.516+00	\N
290	3	5	3	1	2	\N	1	2020-05-15 09:42:06.649+00	2020-05-15 09:42:06.649+00	\N
291	3	6	1	1	2	\N	1	2020-05-15 09:42:20.014+00	2020-05-15 09:42:20.014+00	\N
292	3	7	2	1	2	\N	1	2020-05-15 09:42:26.956+00	2020-05-15 09:42:26.956+00	\N
293	3	8	2	1	2	\N	1	2020-05-15 09:42:35.332+00	2020-05-15 09:42:35.332+00	\N
294	3	9	1	1	2	\N	1	2020-05-15 09:42:41.777+00	2020-05-15 09:42:41.777+00	\N
295	3	10	3	1	2	\N	1	2020-05-15 09:43:12.151+00	2020-05-15 09:43:12.151+00	\N
296	3	11	2	1	2	\N	1	2020-05-15 09:43:27.431+00	2020-05-15 09:43:27.431+00	\N
297	3	12	4	1	2	\N	1	2020-05-15 09:43:47.633+00	2020-05-15 09:43:47.633+00	\N
298	3	13	2	1	2	\N	1	2020-05-15 09:43:54.328+00	2020-05-15 09:43:54.328+00	\N
299	3	14	2	1	2	\N	1	2020-05-15 09:44:02.467+00	2020-05-15 09:44:02.467+00	\N
300	3	15	1	1	2	\N	1	2020-05-15 09:44:09.008+00	2020-05-15 09:44:09.008+00	\N
301	3	16	3	1	2	\N	1	2020-05-15 09:44:15.121+00	2020-05-15 09:44:15.121+00	\N
302	3	17	2	1	2	\N	1	2020-05-15 09:44:21.832+00	2020-05-15 09:44:21.832+00	\N
303	3	18	1	1	2	\N	1	2020-05-15 09:44:27.372+00	2020-05-15 09:44:27.372+00	\N
304	3	19	2	1	2	\N	1	2020-05-15 09:44:32.939+00	2020-05-15 09:44:32.939+00	\N
305	3	20	3	1	2	\N	1	2020-05-15 09:44:43.879+00	2020-05-15 09:44:43.879+00	\N
306	3	21	1	1	2	\N	1	2020-05-15 09:44:49.748+00	2020-05-15 09:44:49.748+00	\N
307	3	22	2	1	2	\N	1	2020-05-15 09:44:55.151+00	2020-05-15 09:44:55.151+00	\N
308	3	23	3	1	2	\N	1	2020-05-15 09:45:02.593+00	2020-05-15 09:45:02.593+00	\N
309	3	24	1	1	2	\N	1	2020-05-15 09:45:08.897+00	2020-05-15 09:45:08.897+00	\N
310	3	25	2	1	2	\N	1	2020-05-15 09:45:18.141+00	2020-05-15 09:45:18.141+00	\N
311	3	26	4	1	2	\N	1	2020-05-15 09:45:30.858+00	2020-05-15 09:45:30.858+00	\N
312	3	27	2	1	2	\N	1	2020-05-15 09:45:37.092+00	2020-05-15 09:45:37.092+00	\N
313	3	28	3	1	2	\N	1	2020-05-15 09:46:08.314+00	2020-05-15 09:46:08.314+00	\N
314	3	29	3	1	2	\N	1	2020-05-15 09:46:47.766+00	2020-05-15 09:46:47.766+00	\N
315	3	30	2	1	2	\N	1	2020-05-15 09:46:58.315+00	2020-05-15 09:46:58.315+00	\N
316	3	31	3	1	2	\N	1	2020-05-15 09:47:06.181+00	2020-05-15 09:47:06.181+00	\N
317	3	32	5	1	2	\N	1	2020-05-15 09:47:19.454+00	2020-05-15 09:47:19.454+00	\N
318	3	33	4	1	2	\N	1	2020-05-15 09:47:28.72+00	2020-05-15 09:47:28.72+00	\N
319	3	34	3	1	2	\N	1	2020-05-15 09:47:36.002+00	2020-05-15 09:47:36.002+00	\N
320	3	35	5	1	2	\N	1	2020-05-15 09:48:30.138+00	2020-05-15 09:48:30.138+00	\N
321	3	36	2	1	2	\N	1	2020-05-15 09:48:37.611+00	2020-05-15 09:48:37.611+00	\N
322	3	37	4	1	2	\N	1	2020-05-15 09:48:49.263+00	2020-05-15 09:48:49.263+00	\N
323	1	1	0	1	3	\N	1	2020-05-15 09:55:27.621+00	2020-05-15 09:55:27.621+00	\N
324	2	1	0	1	3	\N	1	2020-05-15 09:55:35.95+00	2020-05-15 09:55:35.95+00	\N
325	3	1	0	1	3	\N	1	2020-05-15 09:55:39.971+00	2020-05-15 09:55:39.971+00	\N
326	4	1	0	1	3	\N	1	2020-05-15 09:55:41.759+00	2020-05-15 09:55:41.759+00	\N
327	5	1	0	1	3	\N	1	2020-05-15 09:55:43.931+00	2020-05-15 09:55:43.931+00	\N
328	1	1	0	2	4	3	1	2020-05-15 10:00:51.515+00	2020-05-15 10:00:51.515+00	\N
329	2	1	0	2	4	3	1	2020-05-15 10:00:59.082+00	2020-05-15 10:00:59.082+00	\N
330	3	1	0	2	4	3	1	2020-05-15 10:01:01.105+00	2020-05-15 10:01:01.105+00	\N
331	4	1	0	2	4	3	1	2020-05-15 10:01:03.055+00	2020-05-15 10:01:03.055+00	\N
332	3	35	0	1	1	1	1	2020-05-22 17:16:26.26+00	2020-05-22 17:16:26.26+00	\N
333	4	24	0	1	1	1	1	2020-05-23 17:24:39.255+00	2020-05-23 17:24:39.255+00	\N
\.


--
-- Data for Name: modulos; Type: TABLE DATA; Schema: public; Owner: postgres
--

COPY public.modulos (id, nome, created_at, updated_at) FROM stdin;
1	Exercícios apostila	2020-05-15 08:07:52.72+00	2020-05-15 08:07:52.72+00
2	Exercícios de percepção visual	2020-05-15 08:08:01.235+00	2020-05-15 08:08:01.235+00
3	Exercícios de auto-aceleração	2020-05-15 08:08:09.855+00	2020-05-15 08:08:09.855+00
4	Código alfa-numérico	2020-05-15 08:08:15.647+00	2020-05-15 08:08:15.647+00
\.


--
-- Data for Name: provas; Type: TABLE DATA; Schema: public; Owner: postgres
--

COPY public.provas (id, nota, finalizada, usuario_id, created_at, updated_at) FROM stdin;
2	73.50181871166144	t	1	2020-05-15 10:46:28.697+00	2020-05-25 07:10:16.99+00
3	0.9009009009009009	f	1	2020-05-25 07:10:22.408+00	2020-05-25 07:47:18.726+00
\.


--
-- Data for Name: resposta; Type: TABLE DATA; Schema: public; Owner: postgres
--

COPY public.resposta (id, resposta, prova_id, exercicio_id, created_at, updated_at) FROM stdin;
1	0	2	327	2020-05-15 11:39:11.637+00	2020-05-15 11:39:11.637+00
2	0	2	326	2020-05-15 12:02:48.794+00	2020-05-15 12:02:48.794+00
3	0	2	324	2020-05-15 12:36:46.845+00	2020-05-15 12:36:46.845+00
4	0	2	325	2020-05-15 13:07:37.154+00	2020-05-15 13:07:37.154+00
5	0	2	328	2020-05-15 13:22:05.596+00	2020-05-15 13:22:05.596+00
6	0	2	331	2020-05-15 13:23:52.425+00	2020-05-15 13:23:52.425+00
7	0	2	329	2020-05-15 13:32:36.634+00	2020-05-15 13:32:36.634+00
8	0	2	330	2020-05-15 13:37:40.483+00	2020-05-15 13:37:40.483+00
9	0	2	178	2020-05-15 13:55:56.551+00	2020-05-15 13:55:56.551+00
10	0	2	323	2020-05-15 22:27:45.219+00	2020-05-15 22:27:45.219+00
11	0	2	179	2020-05-15 22:46:45.301+00	2020-05-15 22:46:45.301+00
12	0	2	185	2020-05-16 01:27:26.089+00	2020-05-16 01:27:26.089+00
13	2	2	186	2020-05-17 18:47:25.222+00	2020-05-17 18:47:25.222+00
19	3	2	187	2020-05-17 23:17:59.663+00	2020-05-17 23:17:59.663+00
20	4	2	188	2020-05-18 03:35:13.83+00	2020-05-18 03:35:13.83+00
21	2	2	189	2020-05-18 09:21:49.733+00	2020-05-18 09:21:49.733+00
22	1	2	190	2020-05-18 10:14:45.348+00	2020-05-18 10:14:45.348+00
23	1	2	191	2020-05-18 11:56:31.51+00	2020-05-18 11:56:31.51+00
24	1	2	192	2020-05-18 12:04:13.931+00	2020-05-18 12:04:13.931+00
25	4	2	193	2020-05-18 12:04:34.348+00	2020-05-18 12:04:34.348+00
26	2	2	194	2020-05-18 12:04:50.4+00	2020-05-18 12:04:50.4+00
27	3	2	195	2020-05-18 12:05:05.209+00	2020-05-18 12:05:05.209+00
28	4	2	196	2020-05-18 12:05:52.975+00	2020-05-18 12:05:52.975+00
29	2	2	197	2020-05-18 12:06:22.669+00	2020-05-18 12:06:22.669+00
30	2	2	198	2020-05-18 12:06:34.16+00	2020-05-18 12:06:34.16+00
31	3	2	199	2020-05-18 12:06:46.736+00	2020-05-18 12:06:46.736+00
32	1	2	200	2020-05-18 12:07:48.574+00	2020-05-18 12:07:48.574+00
33	1	2	201	2020-05-18 12:07:58.415+00	2020-05-18 12:07:58.415+00
34	2	2	202	2020-05-18 12:08:29.349+00	2020-05-18 12:08:29.349+00
35	100	2	203	2020-05-18 14:17:55.152+00	2020-05-18 14:17:55.152+00
36	1	2	204	2020-05-18 17:57:51.114+00	2020-05-18 17:57:51.114+00
37	0	2	205	2020-05-18 18:04:21.24+00	2020-05-18 18:04:21.24+00
38	1	2	206	2020-05-18 18:05:14.316+00	2020-05-18 18:05:14.316+00
39	0	2	207	2020-05-19 00:39:16.291+00	2020-05-19 00:39:16.291+00
40	6	2	208	2020-05-19 11:37:11.573+00	2020-05-19 11:37:11.573+00
41	1	2	209	2020-05-19 12:05:38.078+00	2020-05-19 12:05:38.078+00
42	4	2	210	2020-05-19 12:05:58.494+00	2020-05-19 12:05:58.494+00
43	2	2	211	2020-05-19 12:12:06.432+00	2020-05-19 12:12:06.432+00
44	5	2	212	2020-05-19 12:14:23.956+00	2020-05-19 12:14:23.956+00
45	5	2	213	2020-05-19 12:14:32.961+00	2020-05-19 12:14:32.961+00
46	3	2	214	2020-05-19 12:14:49.227+00	2020-05-19 12:14:49.227+00
47	6	2	215	2020-05-19 12:15:22.388+00	2020-05-19 12:15:22.388+00
48	5	2	216	2020-05-19 12:15:31.514+00	2020-05-19 12:15:31.514+00
49	4	2	217	2020-05-19 12:15:49.828+00	2020-05-19 12:15:49.828+00
50	5	2	218	2020-05-19 12:16:05.193+00	2020-05-19 12:16:05.193+00
51	1	2	219	2020-05-19 12:16:31.467+00	2020-05-19 12:16:31.467+00
52	3	2	220	2020-05-19 12:16:46.56+00	2020-05-19 12:16:46.56+00
53	1	2	221	2020-05-19 12:19:56.853+00	2020-05-19 12:19:56.853+00
54	4	2	222	2020-05-19 12:20:37.85+00	2020-05-19 12:20:37.85+00
55	4	2	223	2020-05-19 12:20:49.601+00	2020-05-19 12:20:49.601+00
56	2	2	224	2020-05-19 12:21:04.195+00	2020-05-19 12:21:04.195+00
57	6	2	225	2020-05-19 12:21:12.699+00	2020-05-19 12:21:12.699+00
58	1	2	226	2020-05-19 12:21:24.014+00	2020-05-19 12:21:24.014+00
59	6	2	227	2020-05-19 12:22:00.67+00	2020-05-19 12:22:00.67+00
60	4	2	228	2020-05-19 12:22:11.481+00	2020-05-19 12:22:11.481+00
61	2	2	229	2020-05-19 12:22:22.507+00	2020-05-19 12:22:22.507+00
62	4	2	230	2020-05-19 12:22:45.083+00	2020-05-19 12:22:45.083+00
63	6	2	231	2020-05-19 12:23:06.202+00	2020-05-19 12:23:06.202+00
64	6	2	232	2020-05-19 12:23:17.604+00	2020-05-19 12:23:17.604+00
65	4	2	233	2020-05-19 12:23:23.09+00	2020-05-19 12:23:23.09+00
66	2	2	234	2020-05-19 12:23:42.167+00	2020-05-19 12:23:42.167+00
67	4	2	235	2020-05-19 12:23:47.488+00	2020-05-19 12:23:47.488+00
68	3	2	236	2020-05-19 12:23:59.544+00	2020-05-19 12:23:59.544+00
69	1	2	237	2020-05-19 12:24:13.327+00	2020-05-19 12:24:13.327+00
70	6	2	238	2020-05-19 12:24:23.584+00	2020-05-19 12:24:23.584+00
71	2	2	239	2020-05-19 12:24:37.246+00	2020-05-19 12:24:37.246+00
72	100	2	240	2020-05-19 12:24:51.468+00	2020-05-19 12:24:51.468+00
73	0	2	241	2020-05-19 12:42:04.719+00	2020-05-19 12:42:04.719+00
74	1	2	242	2020-05-19 18:28:39.181+00	2020-05-19 18:28:39.181+00
75	0	2	243	2020-05-19 19:01:37.648+00	2020-05-19 19:01:37.648+00
76	0	2	244	2020-05-19 19:04:47.168+00	2020-05-19 19:04:47.168+00
77	1	2	245	2020-05-19 19:10:46.445+00	2020-05-19 19:10:46.445+00
78	0	2	246	2020-05-19 19:18:06.598+00	2020-05-19 19:18:06.598+00
79	1	2	247	2020-05-19 19:18:22.428+00	2020-05-19 19:18:22.428+00
80	0	2	248	2020-05-19 19:18:53.63+00	2020-05-19 19:18:53.63+00
81	0	2	249	2020-05-19 19:19:09.381+00	2020-05-19 19:19:09.381+00
82	0	2	250	2020-05-19 19:19:29.34+00	2020-05-19 19:19:29.34+00
83	1	2	251	2020-05-19 19:51:03.798+00	2020-05-19 19:51:03.798+00
84	1	2	252	2020-05-19 19:58:34.592+00	2020-05-19 19:58:34.592+00
85	1	2	253	2020-05-19 20:01:50.341+00	2020-05-19 20:01:50.341+00
86	0	2	254	2020-05-19 20:14:36.755+00	2020-05-19 20:14:36.755+00
87	0	2	255	2020-05-19 22:35:22.087+00	2020-05-19 22:35:22.087+00
88	0	2	256	2020-05-19 22:36:21.504+00	2020-05-19 22:36:21.504+00
89	0	2	257	2020-05-19 22:36:38.208+00	2020-05-19 22:36:38.208+00
90	1	2	258	2020-05-19 22:36:54.314+00	2020-05-19 22:36:54.314+00
91	0	2	259	2020-05-19 22:37:33.759+00	2020-05-19 22:37:33.759+00
92	0	2	260	2020-05-19 22:49:14.337+00	2020-05-19 22:49:14.337+00
93	0	2	261	2020-05-19 22:49:28.751+00	2020-05-19 22:49:28.751+00
94	1	2	262	2020-05-19 22:53:42.42+00	2020-05-19 22:53:42.42+00
95	1	2	263	2020-05-19 23:05:12.951+00	2020-05-19 23:05:12.951+00
96	0	2	264	2020-05-19 23:06:26.915+00	2020-05-19 23:06:26.915+00
97	0	2	265	2020-05-19 23:11:52.429+00	2020-05-19 23:11:52.429+00
98	0	2	266	2020-05-19 23:12:08.135+00	2020-05-19 23:12:08.135+00
99	0	2	267	2020-05-19 23:12:48.725+00	2020-05-19 23:12:48.725+00
100	0	2	268	2020-05-19 23:12:57.267+00	2020-05-19 23:12:57.267+00
101	1	2	269	2020-05-19 23:13:05.085+00	2020-05-19 23:13:05.085+00
102	1	2	270	2020-05-19 23:13:11.044+00	2020-05-19 23:13:11.044+00
103	1	2	271	2020-05-19 23:13:21.496+00	2020-05-19 23:13:21.496+00
104	1	2	272	2020-05-19 23:13:28.569+00	2020-05-19 23:13:28.569+00
105	0	2	273	2020-05-19 23:13:35.053+00	2020-05-19 23:13:35.053+00
106	0	2	274	2020-05-19 23:13:40.625+00	2020-05-19 23:13:40.625+00
107	0	2	275	2020-05-19 23:13:45.385+00	2020-05-19 23:13:45.385+00
108	1	2	276	2020-05-19 23:13:49.592+00	2020-05-19 23:13:49.592+00
109	1	2	277	2020-05-19 23:13:53.821+00	2020-05-19 23:13:53.821+00
110	0	2	278	2020-05-19 23:13:59.522+00	2020-05-19 23:13:59.522+00
111	1	2	279	2020-05-19 23:14:07.712+00	2020-05-19 23:14:07.712+00
112	0	2	280	2020-05-19 23:14:15.324+00	2020-05-19 23:14:15.324+00
113	1	2	281	2020-05-19 23:14:24.946+00	2020-05-19 23:14:24.946+00
114	0	2	282	2020-05-19 23:14:30.213+00	2020-05-19 23:14:30.213+00
115	1	2	283	2020-05-19 23:14:38.989+00	2020-05-19 23:14:38.989+00
116	0	2	284	2020-05-19 23:14:44.169+00	2020-05-19 23:14:44.169+00
117	0	2	285	2020-05-19 23:14:58.759+00	2020-05-19 23:14:58.759+00
118	2	2	286	2020-05-20 03:40:41.718+00	2020-05-20 03:40:41.718+00
119	3	2	287	2020-05-20 03:42:29.28+00	2020-05-20 03:42:29.28+00
120	2	2	288	2020-05-20 03:42:45.541+00	2020-05-20 03:42:45.541+00
121	1	2	289	2020-05-20 03:43:37.186+00	2020-05-20 03:43:37.186+00
122	3	2	290	2020-05-20 03:44:00.258+00	2020-05-20 03:44:00.258+00
123	1	2	291	2020-05-20 03:46:06.573+00	2020-05-20 03:46:06.573+00
124	2	2	292	2020-05-20 03:46:14.199+00	2020-05-20 03:46:14.199+00
125	2	2	293	2020-05-20 03:46:22.255+00	2020-05-20 03:46:22.255+00
126	1	2	294	2020-05-20 03:46:28.86+00	2020-05-20 03:46:28.86+00
127	3	2	295	2020-05-20 03:46:38.614+00	2020-05-20 03:46:38.614+00
128	2	2	296	2020-05-20 03:48:22.182+00	2020-05-20 03:48:22.182+00
129	4	2	297	2020-05-20 03:48:42.636+00	2020-05-20 03:48:42.636+00
130	3	2	298	2020-05-20 03:48:51.693+00	2020-05-20 03:48:51.693+00
131	4	2	299	2020-05-20 03:49:00.001+00	2020-05-20 03:49:00.001+00
132	1	2	300	2020-05-20 03:49:07.874+00	2020-05-20 03:49:07.874+00
133	3	2	301	2020-05-20 03:49:29.501+00	2020-05-20 03:49:29.501+00
134	2	2	302	2020-05-20 03:50:39.63+00	2020-05-20 03:50:39.63+00
135	1	2	303	2020-05-20 03:50:59.404+00	2020-05-20 03:50:59.404+00
136	2	2	304	2020-05-20 03:51:13.839+00	2020-05-20 03:51:13.839+00
137	3	2	305	2020-05-20 03:51:30.567+00	2020-05-20 03:51:30.567+00
138	1	2	306	2020-05-20 03:51:36.03+00	2020-05-20 03:51:36.03+00
139	3	2	307	2020-05-20 03:51:48.384+00	2020-05-20 03:51:48.384+00
140	5	2	308	2020-05-20 03:52:07.728+00	2020-05-20 03:52:07.728+00
141	2	2	309	2020-05-20 03:52:15.714+00	2020-05-20 03:52:15.714+00
142	4	2	310	2020-05-20 03:52:36.204+00	2020-05-20 03:52:36.204+00
143	5	2	311	2020-05-20 03:52:42.882+00	2020-05-20 03:52:42.882+00
144	2	2	312	2020-05-20 03:52:48.665+00	2020-05-20 03:52:48.665+00
145	4	2	313	2020-05-20 03:52:55.241+00	2020-05-20 03:52:55.241+00
146	3	2	314	2020-05-20 03:54:47.636+00	2020-05-20 03:54:47.636+00
147	5	2	315	2020-05-20 03:54:53.312+00	2020-05-20 03:54:53.312+00
148	6	2	316	2020-05-20 03:54:59.071+00	2020-05-20 03:54:59.071+00
149	2	2	317	2020-05-20 03:55:10.395+00	2020-05-20 03:55:10.395+00
150	3	2	318	2020-05-20 03:55:17.947+00	2020-05-20 03:55:17.947+00
151	100	2	319	2020-05-20 03:55:24.473+00	2020-05-20 03:55:24.473+00
152	100	2	320	2020-05-20 03:55:34.135+00	2020-05-20 03:55:34.135+00
153	100	2	321	2020-05-20 03:55:48.452+00	2020-05-20 03:55:48.452+00
154	2	2	322	2020-05-20 04:00:22.398+00	2020-05-20 04:00:22.398+00
155	0	2	1	2020-05-21 20:56:45.056+00	2020-05-21 20:56:45.056+00
156	0	2	2	2020-05-22 15:35:33.806+00	2020-05-22 15:35:33.806+00
157	0	2	332	2020-05-22 19:01:27.335+00	2020-05-22 19:01:27.335+00
158	0	2	3	2020-05-22 22:44:47.3+00	2020-05-22 22:44:47.3+00
159	0	2	4	2020-05-23 01:29:26.741+00	2020-05-23 01:29:26.741+00
160	0	2	5	2020-05-23 01:36:43.048+00	2020-05-23 01:36:43.048+00
161	0	2	6	2020-05-23 02:19:54.166+00	2020-05-23 02:19:54.166+00
162	0	2	7	2020-05-23 02:21:51.682+00	2020-05-23 02:21:51.682+00
163	0	2	8	2020-05-23 02:22:04.987+00	2020-05-23 02:22:04.987+00
164	1	2	9	2020-05-23 02:22:16.627+00	2020-05-23 02:22:16.627+00
165	0	2	10	2020-05-23 02:45:52.205+00	2020-05-23 02:45:52.205+00
166	0	2	11	2020-05-23 02:46:31.059+00	2020-05-23 02:46:31.059+00
167	1	2	12	2020-05-23 02:46:36.61+00	2020-05-23 02:46:36.61+00
168	1	2	13	2020-05-23 02:48:00.417+00	2020-05-23 02:48:00.417+00
169	0	2	14	2020-05-23 02:48:07.133+00	2020-05-23 02:48:07.133+00
170	100	2	15	2020-05-23 02:48:11.067+00	2020-05-23 02:48:11.067+00
171	0	2	16	2020-05-23 02:48:45.462+00	2020-05-23 02:48:45.462+00
172	1	2	17	2020-05-23 02:55:02.839+00	2020-05-23 02:55:02.839+00
173	1	2	18	2020-05-23 03:04:28.811+00	2020-05-23 03:04:28.811+00
174	4	2	19	2020-05-23 13:22:17.923+00	2020-05-23 13:22:17.923+00
175	3	2	20	2020-05-23 13:22:48.736+00	2020-05-23 13:22:48.736+00
176	1	2	21	2020-05-23 13:23:00.288+00	2020-05-23 13:23:00.288+00
177	4	2	22	2020-05-23 13:23:06.168+00	2020-05-23 13:23:06.168+00
178	2	2	23	2020-05-23 13:23:13.071+00	2020-05-23 13:23:13.071+00
179	3	2	24	2020-05-23 13:23:19.262+00	2020-05-23 13:23:19.262+00
180	4	2	25	2020-05-23 14:02:04.638+00	2020-05-23 14:02:04.638+00
181	2	2	26	2020-05-23 14:02:23.13+00	2020-05-23 14:02:23.13+00
182	3	2	27	2020-05-23 14:02:28.255+00	2020-05-23 14:02:28.255+00
183	4	2	28	2020-05-23 15:01:49.625+00	2020-05-23 15:01:49.625+00
184	2	2	29	2020-05-23 15:09:21.505+00	2020-05-23 15:09:21.505+00
185	1	2	30	2020-05-23 15:09:27.946+00	2020-05-23 15:09:27.946+00
186	1	2	31	2020-05-23 15:12:16.747+00	2020-05-23 15:12:16.747+00
187	3	2	32	2020-05-23 15:12:23.975+00	2020-05-23 15:12:23.975+00
188	4	2	33	2020-05-23 15:12:28.401+00	2020-05-23 15:12:28.401+00
189	3	2	34	2020-05-23 15:12:33.399+00	2020-05-23 15:12:33.399+00
190	4	2	35	2020-05-23 15:13:07.569+00	2020-05-23 15:13:07.569+00
191	2	2	36	2020-05-23 15:13:13.883+00	2020-05-23 15:13:13.883+00
192	0	2	37	2020-05-23 16:33:19.045+00	2020-05-23 16:33:19.045+00
193	0	2	333	2020-05-23 17:26:54.703+00	2020-05-23 17:26:54.703+00
194	2	2	38	2020-05-23 18:55:12.138+00	2020-05-23 18:55:12.138+00
195	2	2	39	2020-05-23 18:59:00.505+00	2020-05-23 18:59:00.505+00
196	1	2	40	2020-05-23 18:59:08.309+00	2020-05-23 18:59:08.309+00
197	2	2	41	2020-05-23 18:59:18.704+00	2020-05-23 18:59:18.704+00
198	1	2	42	2020-05-23 18:59:25.581+00	2020-05-23 18:59:25.581+00
199	2	2	43	2020-05-23 18:59:32.189+00	2020-05-23 18:59:32.189+00
200	1	2	44	2020-05-23 18:59:49.208+00	2020-05-23 18:59:49.208+00
201	1	2	45	2020-05-23 18:59:55.75+00	2020-05-23 18:59:55.75+00
202	2	2	46	2020-05-23 19:00:03.272+00	2020-05-23 19:00:03.272+00
203	1	2	47	2020-05-23 19:00:10.246+00	2020-05-23 19:00:10.246+00
204	1	2	48	2020-05-23 19:00:23.661+00	2020-05-23 19:00:23.661+00
205	2	2	49	2020-05-23 19:19:15.167+00	2020-05-23 19:19:15.167+00
206	2	2	50	2020-05-23 19:31:10.9+00	2020-05-23 19:31:10.9+00
207	1	2	51	2020-05-23 19:31:16.358+00	2020-05-23 19:31:16.358+00
208	2	2	52	2020-05-23 19:31:32.684+00	2020-05-23 19:31:32.684+00
209	2	2	53	2020-05-23 19:32:10.191+00	2020-05-23 19:32:10.191+00
210	1	2	54	2020-05-23 19:32:32.852+00	2020-05-23 19:32:32.852+00
211	3	2	55	2020-05-23 19:32:44.72+00	2020-05-23 19:32:44.72+00
212	2	2	56	2020-05-23 19:32:51.784+00	2020-05-23 19:32:51.784+00
213	2	2	57	2020-05-23 19:33:05.973+00	2020-05-23 19:33:05.973+00
214	2	2	58	2020-05-23 19:33:16.628+00	2020-05-23 19:33:16.628+00
215	3	2	59	2020-05-23 19:33:31.049+00	2020-05-23 19:33:31.049+00
216	1	2	60	2020-05-23 20:02:52.722+00	2020-05-23 20:02:52.722+00
217	1	2	61	2020-05-23 20:19:09.796+00	2020-05-23 20:19:09.796+00
218	0	2	62	2020-05-23 20:19:15.426+00	2020-05-23 20:19:15.426+00
219	1	2	63	2020-05-23 20:19:21.316+00	2020-05-23 20:19:21.316+00
220	0	2	64	2020-05-23 20:19:28.503+00	2020-05-23 20:19:28.503+00
221	0	2	65	2020-05-23 20:19:34.037+00	2020-05-23 20:19:34.037+00
222	1	2	66	2020-05-23 20:19:41.003+00	2020-05-23 20:19:41.003+00
223	1	2	67	2020-05-23 20:19:49.476+00	2020-05-23 20:19:49.476+00
224	0	2	68	2020-05-23 20:19:56.316+00	2020-05-23 20:19:56.316+00
225	1	2	69	2020-05-23 20:20:01.53+00	2020-05-23 20:20:01.53+00
226	0	2	70	2020-05-23 20:20:06.469+00	2020-05-23 20:20:06.469+00
227	0	2	71	2020-05-23 20:20:15.984+00	2020-05-23 20:20:15.984+00
228	0	2	72	2020-05-23 20:20:39.684+00	2020-05-23 20:20:39.684+00
229	4	2	73	2020-05-23 22:18:59.505+00	2020-05-23 22:18:59.505+00
230	1	2	74	2020-05-24 02:57:34.154+00	2020-05-24 02:57:34.154+00
231	2	2	75	2020-05-24 02:58:00.038+00	2020-05-24 02:58:00.038+00
232	3	2	76	2020-05-24 02:58:12.165+00	2020-05-24 02:58:12.165+00
233	1	2	77	2020-05-24 02:58:24.049+00	2020-05-24 02:58:24.049+00
234	3	2	78	2020-05-24 03:00:32.869+00	2020-05-24 03:00:32.869+00
235	4	2	79	2020-05-24 03:00:51.719+00	2020-05-24 03:00:51.719+00
236	1	2	80	2020-05-24 03:01:02.968+00	2020-05-24 03:01:02.968+00
237	2	2	81	2020-05-24 03:01:17.185+00	2020-05-24 03:01:17.185+00
238	2	2	82	2020-05-24 03:01:33.768+00	2020-05-24 03:01:33.768+00
239	3	2	83	2020-05-24 11:51:50.876+00	2020-05-24 11:51:50.876+00
240	4	2	84	2020-05-24 11:52:03.513+00	2020-05-24 11:52:03.513+00
241	1	2	85	2020-05-24 11:52:18.85+00	2020-05-24 11:52:18.85+00
242	1	2	86	2020-05-24 11:52:24.142+00	2020-05-24 11:52:24.142+00
243	2	2	87	2020-05-24 11:52:32.561+00	2020-05-24 11:52:32.561+00
244	2	2	88	2020-05-24 11:52:47.328+00	2020-05-24 11:52:47.328+00
245	2	2	89	2020-05-24 11:52:52.654+00	2020-05-24 11:52:52.654+00
246	3	2	90	2020-05-24 11:53:33.136+00	2020-05-24 11:53:33.136+00
247	1	2	91	2020-05-24 11:53:42.159+00	2020-05-24 11:53:42.159+00
248	1	2	92	2020-05-24 12:44:48.098+00	2020-05-24 12:44:48.098+00
249	0	2	93	2020-05-24 12:44:58.222+00	2020-05-24 12:44:58.222+00
250	1	2	94	2020-05-24 12:45:07.817+00	2020-05-24 12:45:07.817+00
251	0	2	95	2020-05-24 12:45:12.802+00	2020-05-24 12:45:12.802+00
252	0	2	96	2020-05-24 12:45:23.012+00	2020-05-24 12:45:23.012+00
253	1	2	97	2020-05-24 12:45:33.355+00	2020-05-24 12:45:33.355+00
254	1	2	98	2020-05-24 12:45:41.525+00	2020-05-24 12:45:41.525+00
255	1	2	99	2020-05-24 12:45:55.757+00	2020-05-24 12:45:55.757+00
256	100	2	100	2020-05-24 12:46:05.111+00	2020-05-24 12:46:05.111+00
257	1	2	101	2020-05-24 12:47:13.787+00	2020-05-24 12:47:13.787+00
258	0	2	102	2020-05-24 12:47:24.015+00	2020-05-24 12:47:24.015+00
259	1	2	103	2020-05-24 12:47:31.239+00	2020-05-24 12:47:31.239+00
260	0	2	104	2020-05-24 12:47:39.467+00	2020-05-24 12:47:39.467+00
261	0	2	105	2020-05-24 12:47:48.786+00	2020-05-24 12:47:48.786+00
262	0	2	106	2020-05-24 12:47:56.647+00	2020-05-24 12:47:56.647+00
263	0	2	107	2020-05-24 12:48:05.901+00	2020-05-24 12:48:05.901+00
264	0	2	108	2020-05-24 12:48:11.34+00	2020-05-24 12:48:11.34+00
265	1	2	109	2020-05-24 12:48:18.081+00	2020-05-24 12:48:18.081+00
266	2	2	110	2020-05-24 13:05:56.023+00	2020-05-24 13:05:56.023+00
267	1	2	111	2020-05-24 13:12:50.426+00	2020-05-24 13:12:50.426+00
268	2	2	112	2020-05-24 13:13:10.559+00	2020-05-24 13:13:10.559+00
269	1	2	113	2020-05-24 13:13:23.558+00	2020-05-24 13:13:23.558+00
270	1	2	114	2020-05-24 13:13:35.256+00	2020-05-24 13:13:35.256+00
271	4	2	115	2020-05-24 13:13:43.289+00	2020-05-24 13:13:43.289+00
272	3	2	116	2020-05-24 13:13:50.662+00	2020-05-24 13:13:50.662+00
273	4	2	117	2020-05-24 13:13:58.613+00	2020-05-24 13:13:58.613+00
274	1	2	118	2020-05-24 13:14:41.577+00	2020-05-24 13:14:41.577+00
275	1	2	119	2020-05-24 13:14:46.862+00	2020-05-24 13:14:46.862+00
276	100	2	120	2020-05-24 15:02:26.229+00	2020-05-24 15:02:26.229+00
277	1	2	121	2020-05-24 15:32:56.73+00	2020-05-24 15:32:56.73+00
278	0	2	122	2020-05-24 15:33:07.688+00	2020-05-24 15:33:07.688+00
279	1	2	123	2020-05-24 15:33:13.647+00	2020-05-24 15:33:13.647+00
280	1	2	124	2020-05-24 15:33:22.064+00	2020-05-24 15:33:22.064+00
281	0	2	125	2020-05-24 15:33:29.353+00	2020-05-24 15:33:29.353+00
282	0	2	126	2020-05-24 15:33:35.8+00	2020-05-24 15:33:35.8+00
283	1	2	127	2020-05-24 15:33:41.855+00	2020-05-24 15:33:41.855+00
284	1	2	128	2020-05-24 15:33:46.884+00	2020-05-24 15:33:46.884+00
285	1	2	129	2020-05-24 15:33:52.239+00	2020-05-24 15:33:52.239+00
286	0	2	130	2020-05-24 15:33:56.703+00	2020-05-24 15:33:56.703+00
287	0	2	131	2020-05-24 15:34:01.301+00	2020-05-24 15:34:01.301+00
288	0	2	132	2020-05-24 15:34:06.021+00	2020-05-24 15:34:06.021+00
289	0	2	133	2020-05-24 15:34:11.127+00	2020-05-24 15:34:11.127+00
290	1	2	134	2020-05-24 15:34:16.295+00	2020-05-24 15:34:16.295+00
291	1	2	135	2020-05-24 15:34:28.428+00	2020-05-24 15:34:28.428+00
292	2	2	136	2020-05-24 18:43:35.843+00	2020-05-24 18:43:35.843+00
293	5	2	137	2020-05-24 19:51:57.97+00	2020-05-24 19:51:57.97+00
294	2	2	138	2020-05-24 20:20:07.087+00	2020-05-24 20:20:07.087+00
295	5	2	139	2020-05-24 20:20:28.99+00	2020-05-24 20:20:28.99+00
296	6	2	140	2020-05-24 20:20:51.891+00	2020-05-24 20:20:51.891+00
297	4	2	141	2020-05-24 20:21:05.434+00	2020-05-24 20:21:05.434+00
298	5	2	142	2020-05-24 20:21:32.542+00	2020-05-24 20:21:32.542+00
299	3	2	143	2020-05-24 20:21:42.825+00	2020-05-24 20:21:42.825+00
300	6	2	144	2020-05-24 20:21:52.66+00	2020-05-24 20:21:52.66+00
301	5	2	145	2020-05-24 20:22:01.566+00	2020-05-24 20:22:01.566+00
302	3	2	146	2020-05-24 20:22:07.086+00	2020-05-24 20:22:07.086+00
303	4	2	147	2020-05-24 20:22:12.34+00	2020-05-24 20:22:12.34+00
304	1	2	148	2020-05-24 20:22:21.627+00	2020-05-24 20:22:21.627+00
305	2	2	149	2020-05-24 20:22:26.513+00	2020-05-24 20:22:26.513+00
306	5	2	150	2020-05-24 20:22:37.066+00	2020-05-24 20:22:37.066+00
307	1	2	151	2020-05-24 22:30:32.483+00	2020-05-24 22:30:32.483+00
308	0	2	152	2020-05-24 23:12:08.518+00	2020-05-24 23:12:08.518+00
309	0	2	153	2020-05-24 23:12:37.568+00	2020-05-24 23:12:37.568+00
310	0	2	154	2020-05-24 23:12:56.103+00	2020-05-24 23:12:56.103+00
311	1	2	155	2020-05-24 23:13:03.736+00	2020-05-24 23:13:03.736+00
312	0	2	156	2020-05-24 23:13:10.493+00	2020-05-24 23:13:10.493+00
313	0	2	157	2020-05-24 23:13:15.455+00	2020-05-24 23:13:15.455+00
314	1	2	158	2020-05-24 23:13:35.769+00	2020-05-24 23:13:35.769+00
315	1	2	159	2020-05-24 23:13:56.932+00	2020-05-24 23:13:56.932+00
316	3	2	160	2020-05-25 01:06:02.867+00	2020-05-25 01:06:02.867+00
317	1	2	161	2020-05-25 01:19:57.323+00	2020-05-25 01:19:57.323+00
318	2	2	162	2020-05-25 01:33:05.799+00	2020-05-25 01:33:05.799+00
319	3	2	163	2020-05-25 01:33:29.527+00	2020-05-25 01:33:29.527+00
320	100	2	164	2020-05-25 05:30:06.484+00	2020-05-25 05:30:06.484+00
321	100	2	165	2020-05-25 05:30:07.72+00	2020-05-25 05:30:07.72+00
322	100	2	166	2020-05-25 05:30:09.764+00	2020-05-25 05:30:09.764+00
323	100	2	167	2020-05-25 05:30:10.661+00	2020-05-25 05:30:10.661+00
324	100	2	168	2020-05-25 05:30:12.346+00	2020-05-25 05:30:12.346+00
325	100	2	169	2020-05-25 05:30:12.835+00	2020-05-25 05:30:12.835+00
326	100	2	170	2020-05-25 05:30:13.686+00	2020-05-25 05:30:13.686+00
327	100	2	171	2020-05-25 05:30:14.292+00	2020-05-25 05:30:14.292+00
328	100	2	172	2020-05-25 05:30:14.895+00	2020-05-25 05:30:14.895+00
329	100	2	173	2020-05-25 05:30:15.492+00	2020-05-25 05:30:15.492+00
330	100	2	174	2020-05-25 05:30:16.135+00	2020-05-25 05:30:16.135+00
331	100	2	175	2020-05-25 05:30:16.649+00	2020-05-25 05:30:16.649+00
332	100	2	176	2020-05-25 05:30:17.329+00	2020-05-25 05:30:17.329+00
333	100	2	177	2020-05-25 05:30:17.8+00	2020-05-25 05:30:17.8+00
334	100	2	180	2020-05-25 05:30:22.822+00	2020-05-25 05:30:22.822+00
335	100	2	181	2020-05-25 05:30:24.283+00	2020-05-25 05:30:24.283+00
336	100	2	182	2020-05-25 05:30:25.108+00	2020-05-25 05:30:25.108+00
337	100	2	183	2020-05-25 05:30:25.842+00	2020-05-25 05:30:25.842+00
338	100	2	184	2020-05-25 05:30:26.799+00	2020-05-25 05:30:26.799+00
339	0	3	1	2020-05-25 07:13:53.54+00	2020-05-25 07:13:53.54+00
340	0	3	2	2020-05-25 07:37:31.248+00	2020-05-25 07:37:31.248+00
341	0	3	332	2020-05-25 07:47:18.641+00	2020-05-25 07:47:18.641+00
\.


--
-- Data for Name: tipos; Type: TABLE DATA; Schema: public; Owner: postgres
--

COPY public.tipos (id, nome, created_at, updated_at) FROM stdin;
1	No monitor	2020-05-15 08:08:29.396+00	2020-05-15 08:08:29.396+00
2	Com timer	2020-05-15 08:08:34.193+00	2020-05-15 08:08:34.193+00
3	Repasses	2020-05-15 08:08:42.184+00	2020-05-15 08:08:42.184+00
\.


--
-- Data for Name: usuarios; Type: TABLE DATA; Schema: public; Owner: postgres
--

COPY public.usuarios (id, nome, email, cpf, password_hash, admin, created_at, updated_at) FROM stdin;
1	ALEXANDRE THIAGO FEIO PENHA	alefeio@gmail.com	10301819777	$2a$08$6Z9ZgmjinMIgaSyeFMNS4eqWGYvgIXa5D.f49/MPTCLB.NzxmWJy6	f	2020-05-15 07:35:43.579+00	2020-05-15 07:35:43.579+00
\.


--
-- Name: categoria_id_seq; Type: SEQUENCE SET; Schema: public; Owner: postgres
--

SELECT pg_catalog.setval('public.categoria_id_seq', 2, true);


--
-- Name: exercicios_id_seq; Type: SEQUENCE SET; Schema: public; Owner: postgres
--

SELECT pg_catalog.setval('public.exercicios_id_seq', 333, true);


--
-- Name: modulos_id_seq; Type: SEQUENCE SET; Schema: public; Owner: postgres
--

SELECT pg_catalog.setval('public.modulos_id_seq', 4, true);


--
-- Name: provas_id_seq; Type: SEQUENCE SET; Schema: public; Owner: postgres
--

SELECT pg_catalog.setval('public.provas_id_seq', 3, true);


--
-- Name: resposta_id_seq; Type: SEQUENCE SET; Schema: public; Owner: postgres
--

SELECT pg_catalog.setval('public.resposta_id_seq', 341, true);


--
-- Name: tipos_id_seq; Type: SEQUENCE SET; Schema: public; Owner: postgres
--

SELECT pg_catalog.setval('public.tipos_id_seq', 3, true);


--
-- Name: usuarios_id_seq; Type: SEQUENCE SET; Schema: public; Owner: postgres
--

SELECT pg_catalog.setval('public.usuarios_id_seq', 1, true);


--
-- Name: SequelizeMeta SequelizeMeta_pkey; Type: CONSTRAINT; Schema: public; Owner: postgres
--

ALTER TABLE ONLY public."SequelizeMeta"
    ADD CONSTRAINT "SequelizeMeta_pkey" PRIMARY KEY (name);


--
-- Name: categoria categoria_pkey; Type: CONSTRAINT; Schema: public; Owner: postgres
--

ALTER TABLE ONLY public.categoria
    ADD CONSTRAINT categoria_pkey PRIMARY KEY (id);


--
-- Name: exercicios exercicios_pkey; Type: CONSTRAINT; Schema: public; Owner: postgres
--

ALTER TABLE ONLY public.exercicios
    ADD CONSTRAINT exercicios_pkey PRIMARY KEY (id);


--
-- Name: modulos modulos_pkey; Type: CONSTRAINT; Schema: public; Owner: postgres
--

ALTER TABLE ONLY public.modulos
    ADD CONSTRAINT modulos_pkey PRIMARY KEY (id);


--
-- Name: provas provas_pkey; Type: CONSTRAINT; Schema: public; Owner: postgres
--

ALTER TABLE ONLY public.provas
    ADD CONSTRAINT provas_pkey PRIMARY KEY (id);


--
-- Name: resposta resposta_pkey; Type: CONSTRAINT; Schema: public; Owner: postgres
--

ALTER TABLE ONLY public.resposta
    ADD CONSTRAINT resposta_pkey PRIMARY KEY (id);


--
-- Name: tipos tipos_pkey; Type: CONSTRAINT; Schema: public; Owner: postgres
--

ALTER TABLE ONLY public.tipos
    ADD CONSTRAINT tipos_pkey PRIMARY KEY (id);


--
-- Name: usuarios usuarios_email_key; Type: CONSTRAINT; Schema: public; Owner: postgres
--

ALTER TABLE ONLY public.usuarios
    ADD CONSTRAINT usuarios_email_key UNIQUE (email);


--
-- Name: usuarios usuarios_pkey; Type: CONSTRAINT; Schema: public; Owner: postgres
--

ALTER TABLE ONLY public.usuarios
    ADD CONSTRAINT usuarios_pkey PRIMARY KEY (id);


--
-- Name: exercicios exercicios_admin_id_fkey; Type: FK CONSTRAINT; Schema: public; Owner: postgres
--

ALTER TABLE ONLY public.exercicios
    ADD CONSTRAINT exercicios_admin_id_fkey FOREIGN KEY (admin_id) REFERENCES public.usuarios(id) ON UPDATE CASCADE ON DELETE SET NULL;


--
-- Name: exercicios exercicios_categoria_id_fkey; Type: FK CONSTRAINT; Schema: public; Owner: postgres
--

ALTER TABLE ONLY public.exercicios
    ADD CONSTRAINT exercicios_categoria_id_fkey FOREIGN KEY (categoria_id) REFERENCES public.categoria(id) ON UPDATE CASCADE ON DELETE SET NULL;


--
-- Name: exercicios exercicios_modulo_id_fkey; Type: FK CONSTRAINT; Schema: public; Owner: postgres
--

ALTER TABLE ONLY public.exercicios
    ADD CONSTRAINT exercicios_modulo_id_fkey FOREIGN KEY (modulo_id) REFERENCES public.modulos(id) ON UPDATE CASCADE ON DELETE SET NULL;


--
-- Name: exercicios exercicios_tipo_id_fkey; Type: FK CONSTRAINT; Schema: public; Owner: postgres
--

ALTER TABLE ONLY public.exercicios
    ADD CONSTRAINT exercicios_tipo_id_fkey FOREIGN KEY (tipo_id) REFERENCES public.tipos(id) ON UPDATE CASCADE ON DELETE SET NULL;


--
-- Name: provas provas_usuario_id_fkey; Type: FK CONSTRAINT; Schema: public; Owner: postgres
--

ALTER TABLE ONLY public.provas
    ADD CONSTRAINT provas_usuario_id_fkey FOREIGN KEY (usuario_id) REFERENCES public.usuarios(id) ON UPDATE CASCADE ON DELETE SET NULL;


--
-- Name: resposta resposta_exercicio_id_fkey; Type: FK CONSTRAINT; Schema: public; Owner: postgres
--

ALTER TABLE ONLY public.resposta
    ADD CONSTRAINT resposta_exercicio_id_fkey FOREIGN KEY (exercicio_id) REFERENCES public.exercicios(id) ON UPDATE CASCADE ON DELETE SET NULL;


--
-- Name: resposta resposta_prova_id_fkey; Type: FK CONSTRAINT; Schema: public; Owner: postgres
--

ALTER TABLE ONLY public.resposta
    ADD CONSTRAINT resposta_prova_id_fkey FOREIGN KEY (prova_id) REFERENCES public.provas(id) ON UPDATE CASCADE ON DELETE SET NULL;


--
-- PostgreSQL database dump complete
--

